{
    "name": "popup",
    "title": "Popup.js",
    "description": "A barebones, flexible jQuery popup plugin. Designed for developers, it's simple to use but very powerful.",
    "keywords": [
        "popup",
        "lightbox"
    ],
    "version": "2.2.2",
    "author": {
        "name": "Todd Francis",
        "url": "http://toddish.co.uk"
    },
    "maintainers": [
        {
            "name": "Todd Francis",
            "email": "todd@toddish.co.uk",
            "url": "http://toddish.co.uk"
        }
    ],
    "licenses": [
        {
            "type": "MIT",
            "url": "https://github.com/Toddish/Popup/blob/master/LICENSE.md"
        }
    ],
    "bugs": "https://github.com/Toddish/Popup/issues",
    "homepage": "http://docs.toddish.co.uk/popup",
    "docs": "http://docs.toddish.co.uk/popup",
    "download": "https://github.com/Toddish/Popup",
    "dependencies": {
        "jquery": ">=1.8"
    }
}